Record,Evaluator,Readability,Understandability,Maintainability
1_java,Human1,85,90,50
1_java,Human2,80,90,70
1_java,Human3,85,90,55
1_cpp,Human1,85,90,50
1_cpp,Human2,80,90,70
1_cpp,Human3,85,90,55
1_py,Human1,85,90,50
1_py,Human2,80,90,70
1_py,Human3,85,90,55
2_java,Human1,90,100,95
2_java,Human2,90,95,90
2_java,Human3,90,95,95
2_cpp,Human1,90,100,95
2_cpp,Human2,90,95,90
2_cpp,Human3,90,95,95
2_py,Human1,85,100,90
2_py,Human2,85,90,80
2_py,Human3,90,95,95
3_java,Human1,95,85,50
3_java,Human2,90,85,50
3_java,Human3,90,85,50
3_cpp,Human1,95,85,50
3_cpp,Human2,90,80,50
3_cpp,Human3,90,85,50
3_py,Human1,95,85,50
3_py,Human2,90,85,50
3_py,Human3,90,85,50
4_java,Human1,85,80,50
4_java,Human2,90,90,90
4_java,Human3,85,80,60
4_cpp,Human1,85,80,50
4_cpp,Human2,85,90,90
4_cpp,Human3,85,80,60
4_py,Human1,85,80,50
4_py,Human2,90,90,90
4_py,Human3,85,80,60
5_java,Human1,85,80,90
5_java,Human2,95,95,95
5_java,Human3,80,80,90
5_cpp,Human1,85,80,90
5_cpp,Human2,95,95,95
5_cpp,Human3,80,80,90
5_py,Human1,85,80,90
5_py,Human2,95,95,95
5_py,Human3,80,80,90
6_java,Human1,85,80,80
6_java,Human2,95,95,95
6_java,Human3,80,80,80
6_cpp,Human1,85,80,80
6_cpp,Human2,95,95,95
6_cpp,Human3,80,80,80
6_py,Human1,85,80,80
6_py,Human2,95,95,95
6_py,Human3,80,80,80
7_java,Human1,90,80,50
7_java,Human2,90,90,90
7_java,Human3,90,80,50
7_cpp,Human1,95,95,85
7_cpp,Human2,85,80,85
7_cpp,Human3,95,95,85
7_py,Human1,95,95,85
7_py,Human2,95,85,90
7_py,Human3,95,95,85
8_java,Human1,85,80,70
8_java,Human2,100,95,95
8_java,Human3,85,80,80
8_cpp,Human1,85,80,70
8_cpp,Human2,100,100,100
8_cpp,Human3,85,80,80
8_py,Human1,85,80,70
8_py,Human2,100,100,100
8_py,Human3,85,80,80
9_java,Human1,85,90,75
9_java,Human2,100,100,100
9_java,Human3,85,85,80
9_cpp,Human1,85,90,75
9_cpp,Human2,95,95,95
9_cpp,Human3,85,85,80
9_py,Human1,85,90,75
9_py,Human2,100,100,100
9_py,Human3,85,85,80
10_java,Human1,70,60,30
10_java,Human2,80,60,50
10_java,Human3,70,60,50
10_cpp,Human1,70,60,30
10_cpp,Human2,80,60,50
10_cpp,Human3,70,60,50
10_py,Human1,70,60,30
10_py,Human2,90,70,60
10_py,Human3,70,60,50
11_java,Human1,90,85,85
11_java,Human2,85,90,85
11_java,Human3,90,90,85
11_cpp,Human1,90,85,85
11_cpp,Human2,85,90,85
11_cpp,Human3,90,90,85
11_py,Human1,90,85,85
11_py,Human2,90,90,85
11_py,Human3,90,90,85
12_java,Human1,90,75,60
12_java,Human2,90,85,70
12_java,Human3,90,75,65
12_cpp,Human1,90,75,60
12_cpp,Human2,90,85,70
12_cpp,Human3,90,75,65
12_py,Human1,90,85,60
12_py,Human2,95,85,70
12_py,Human3,90,75,65
13_java,Human1,80,80,90
13_java,Human2,80,85,80
13_java,Human3,80,80,90
13_cpp,Human1,80,80,70
13_cpp,Human2,70,75,80
13_cpp,Human3,80,80,80
13_py,Human1,80,80,50
13_py,Human2,85,85,60
13_py,Human3,80,80,60
14_java,Human1,85,80,50
14_java,Human2,85,85,50
14_java,Human3,85,80,55
14_cpp,Human1,85,80,50
14_cpp,Human2,85,85,50
14_cpp,Human3,85,80,55
14_py,Human1,85,80,50
14_py,Human2,85,85,50
14_py,Human3,85,80,55
15_java,Human1,85,85,70
15_java,Human2,80,85,80
15_java,Human3,80,90,75
15_cpp,Human1,85,85,70
15_cpp,Human2,80,85,80
15_cpp,Human3,80,90,75
15_py,Human1,85,85,70
15_py,Human2,80,85,80
15_py,Human3,80,90,75
16_java,Human1,100,95,90
16_java,Human2,80,85,80
16_java,Human3,95,95,90
16_cpp,Human1,100,95,90
16_cpp,Human2,80,85,80
16_cpp,Human3,95,95,90
16_py,Human1,100,95,90
16_py,Human2,80,85,80
16_py,Human3,95,95,90
17_java,Human1,75,85,60
17_java,Human2,75,80,85
17_java,Human3,70,80,70
17_cpp,Human1,75,85,60
17_cpp,Human2,75,75,80
17_cpp,Human3,70,80,70
17_py,Human1,75,85,60
17_py,Human2,80,85,85
17_py,Human3,70,80,70
18_java,Human1,50,80,50
18_java,Human2,70,75,70
18_java,Human3,55,80,55
18_cpp,Human1,50,80,50
18_cpp,Human2,70,75,70
18_cpp,Human3,55,80,55
18_py,Human1,50,80,50
18_py,Human2,80,80,70
18_py,Human3,55,80,55
19_java,Human1,95,90,80
19_java,Human2,70,70,70
19_java,Human3,85,85,80
19_cpp,Human1,95,80,60
19_cpp,Human2,70,70,75
19_cpp,Human3,85,85,75
19_py,Human1,95,90,90
19_py,Human2,70,70,70
19_py,Human3,85,85,90
20_java,Human1,90,90,75
20_java,Human2,85,90,80
20_java,Human3,85,90,80
20_cpp,Human1,90,90,75
20_cpp,Human2,85,90,80
20_cpp,Human3,85,90,80
20_py,Human1,90,95,90
20_py,Human2,90,90,85
20_py,Human3,90,90,85
21_java,Human1,90,95,80
21_java,Human2,85,80,60
21_java,Human3,85,90,80
21_cpp,Human1,90,95,80
21_cpp,Human2,75,70,60
21_cpp,Human3,85,90,80
21_py,Human1,90,95,90
21_py,Human2,80,75,60
21_py,Human3,85,90,80
22_java,Human1,85,85,50
22_java,Human2,100,100,100
22_java,Human3,90,90,60
22_cpp,Human1,85,85,50
22_cpp,Human2,80,85,90
22_cpp,Human3,90,90,60
22_py,Human1,85,85,50
22_py,Human2,100,100,100
22_py,Human3,90,90,60
23_java,Human1,85,85,50
23_java,Human2,85,75,50
23_java,Human3,80,85,55
23_cpp,Human1,75,80,50
23_cpp,Human2,80,70,50
23_cpp,Human3,80,85,55
23_py,Human1,85,80,85
23_py,Human2,90,75,45
23_py,Human3,80,85,55
24_java,Human1,90,85,30
24_java,Human2,85,85,70
24_java,Human3,85,85,40
24_cpp,Human1,90,80,30
24_cpp,Human2,70,70,70
24_cpp,Human3,85,85,40
24_py,Human1,90,85,30
24_py,Human2,85,80,60
24_py,Human3,85,85,40
25_java,Human1,60,50,30
25_java,Human2,80,70,80
25_java,Human3,70,70,65
25_cpp,Human1,60,50,30
25_cpp,Human2,80,70,70
25_cpp,Human3,70,70,65
25_py,Human1,60,50,30
25_py,Human2,80,80,60
25_py,Human3,70,70,65
26_java,Human1,85,70,50
26_java,Human2,80,90,75
26_java,Human3,85,70,50
26_cpp,Human1,75,70,50
26_cpp,Human2,80,80,75
26_cpp,Human3,80,70,50
26_py,Human1,80,70,50
26_py,Human2,80,90,75
26_py,Human3,80,70,50
27_java,Human1,85,70,20
27_java,Human2,80,85,75
27_java,Human3,80,75,30
27_cpp,Human1,85,70,20
27_cpp,Human2,70,65,70
27_cpp,Human3,80,75,30
27_py,Human1,85,70,20
27_py,Human2,85,85,75
27_py,Human3,80,75,30
28_cpp,Human1,95,95,80
28_cpp,Human2,90,90,95
28_cpp,Human3,95,95,80
28_java,Human1,95,95,80
28_java,Human2,90,90,95
28_java,Human3,95,95,80
28_py,Human1,95,95,80
28_py,Human2,100,100,100
28_py,Human3,95,95,80
29_py,Human1,95,90,80
29_py,Human2,100,90,100
29_py,Human3,95,95,80
29_cpp,Human1,95,90,80
29_cpp,Human2,90,85,90
29_cpp,Human3,95,95,80
29_java,Human1,95,90,80
29_java,Human2,100,90,90
29_java,Human3,95,95,80
30_java,Human1,30,20,20
30_java,Human2,80,90,90
30_java,Human3,30,30,30
30_cpp,Human1,30,20,20
30_cpp,Human2,80,90,90
30_cpp,Human3,30,30,30
30_py,Human1,30,20,20
30_py,Human2,80,90,90
30_py,Human3,30,30,30
31_cpp,Human1,80,80,70
31_cpp,Human2,75,70,50
31_cpp,Human3,80,80,75
31_java,Human1,80,80,75
31_java,Human2,75,70,50
31_java,Human3,80,80,75
31_py,Human1,80,80,75
31_py,Human2,75,70,50
31_py,Human3,80,80,75
32_cpp,Human1,80,80,85
32_cpp,Human2,75,70,45
32_cpp,Human3,80,80,90
32_java,Human1,80,80,90
32_java,Human2,75,70,45
32_java,Human3,80,80,90
32_py,Human1,80,80,90
32_py,Human2,75,70,45
32_py,Human3,80,80,90
33_cpp,Human1,90,90,75
33_cpp,Human2,90,85,70
33_cpp,Human3,85,90,75
33_java,Human1,90,90,75
33_java,Human2,85,85,90
33_java,Human3,85,90,75
33_py,Human1,90,90,75
33_py,Human2,85,85,80
33_py,Human3,85,90,75
34_cpp,Human1,90,90,95
34_cpp,Human2,90,85,70
34_cpp,Human3,90,90,90
34_java,Human1,90,85,90
34_java,Human2,85,85,90
34_java,Human3,90,90,90
34_py,Human1,90,90,95
34_py,Human2,85,85,80
34_py,Human3,90,90,90
35_cpp,Human1,80,90,60
35_cpp,Human2,80,80,70
35_cpp,Human3,80,90,60
35_java,Human1,80,90,60
35_java,Human2,80,80,80
35_java,Human3,80,90,60
35_py,Human1,80,90,60
35_py,Human2,80,70,60
35_py,Human3,80,90,60
36_cpp,Human1,80,90,75
36_cpp,Human2,80,80,80
36_cpp,Human3,80,90,70
36_java,Human1,80,90,75
36_java,Human2,80,80,90
36_java,Human3,80,90,70
36_py,Human1,80,90,70
36_py,Human2,80,70,50
36_py,Human3,80,90,70
37_cpp,Human1,80,90,50
37_cpp,Human2,80,70,80
37_cpp,Human3,80,85,55
37_java,Human1,80,90,50
37_java,Human2,80,75,80
37_java,Human3,80,85,55
37_py,Human1,80,90,50
37_py,Human2,90,75,80
37_py,Human3,80,85,55
38_cpp,Human1,80,90,80
38_cpp,Human2,80,70,80
38_cpp,Human3,80,80,80
38_java,Human1,80,90,90
38_java,Human2,80,75,80
38_java,Human3,80,80,80
38_py,Human1,80,90,90
38_py,Human2,90,75,70
38_py,Human3,80,80,80
39_cpp,Human1,75,90,40
39_cpp,Human2,80,75,70
39_cpp,Human3,80,80,40
39_java,Human1,75,90,40
39_java,Human2,80,75,75
39_java,Human3,80,80,40
39_py,Human1,75,90,40
39_py,Human2,80,75,70
39_py,Human3,80,80,40
40_cpp,Human1,75,80,50
40_cpp,Human2,80,70,70
40_cpp,Human3,80,80,40
40_java,Human1,75,80,50
40_java,Human2,80,70,70
40_java,Human3,80,80,40
40_py,Human1,75,80,50
40_py,Human2,80,70,70
40_py,Human3,80,80,40
41_cpp,Human1,80,85,40
41_cpp,Human2,80,80,50
41_cpp,Human3,80,80,40
41_java,Human1,80,85,40
41_java,Human2,80,80,50
41_java,Human3,80,80,40
41_py,Human1,80,85,40
41_py,Human2,80,80,50
41_py,Human3,80,80,40
42_cpp,Human1,80,85,80
42_cpp,Human2,80,80,80
42_cpp,Human3,80,80,80
42_java,Human1,80,85,80
42_java,Human2,80,80,80
42_java,Human3,80,80,80
42_py,Human1,80,85,80
42_py,Human2,80,80,80
42_py,Human3,80,80,80
43_cpp,Human1,70,75,30
43_cpp,Human2,80,80,80
43_cpp,Human3,75,80,45
43_java,Human1,70,75,30
43_java,Human2,80,80,80
43_java,Human3,75,80,45
43_py,Human1,70,75,30
43_py,Human2,80,80,80
43_py,Human3,75,80,45
44_cpp,Human1,85,75,90
44_cpp,Human2,80,80,80
44_cpp,Human3,85,80,95
44_java,Human1,85,75,80
44_java,Human2,80,80,80
44_java,Human3,85,80,95
44_py,Human1,85,75,80
44_py,Human2,80,80,80
44_py,Human3,85,80,95
45_cpp,Human1,70,75,50
45_cpp,Human2,70,70,70
45_cpp,Human3,70,70,55
45_java,Human1,70,75,50
45_java,Human2,70,70,70
45_java,Human3,70,70,55
45_py,Human1,70,75,50
45_py,Human2,75,70,75
45_py,Human3,70,70,55
46_cpp,Human1,80,85,85
46_cpp,Human2,70,70,50
46_cpp,Human3,80,85,80
46_java,Human1,80,85,85
46_java,Human2,70,70,50
46_java,Human3,80,85,80
46_py,Human1,75,80,80
46_py,Human2,70,70,50
46_py,Human3,80,85,80
47_cpp,Human1,70,70,40
47_cpp,Human2,70,70,70
47_cpp,Human3,70,70,40
47_java,Human1,70,70,40
47_java,Human2,70,70,70
47_java,Human3,70,70,40
47_py,Human1,70,70,40
47_py,Human2,75,70,75
47_py,Human3,70,70,40
48_cpp,Human1,70,80,80
48_cpp,Human2,70,70,70
48_cpp,Human3,70,75,75
48_java,Human1,70,80,80
48_java,Human2,70,70,70
48_java,Human3,70,75,75
48_py,Human1,70,80,80
48_py,Human2,75,70,75
48_py,Human3,70,75,75
49_cpp,Human1,70,75,50
49_cpp,Human2,80,80,75
49_cpp,Human3,70,70,45
49_java,Human1,70,75,50
49_java,Human2,80,80,75
49_java,Human3,70,70,45
49_py,Human1,70,75,50
49_py,Human2,80,80,75
49_py,Human3,70,70,45
50_cpp,Human1,75,80,80
50_cpp,Human2,85,85,75
50_cpp,Human3,75,75,75
50_java,Human1,75,80,80
50_java,Human2,80,85,75
50_java,Human3,75,75,75
50_py,Human1,75,80,80
50_py,Human2,80,85,75
50_py,Human3,75,75,75
51_java,Human1,70,60,40
51_java,Human2,85,90,75
51_java,Human3,80,85,50
51_cpp,Human1,70,60,40
51_cpp,Human2,85,90,75
51_cpp,Human3,80,85,50
51_py,Human1,70,60,40
51_py,Human2,85,90,75
51_py,Human3,80,85,50
52_java,Human1,70,60,70
52_java,Human2,85,90,75
52_java,Human3,70,70,70
52_cpp,Human1,70,60,70
52_cpp,Human2,85,90,75
52_cpp,Human3,70,70,70
52_py,Human1,70,60,70
52_py,Human2,85,90,75
52_py,Human3,70,70,70
53_cpp,Human1,95,95,80
53_cpp,Human2,90,100,60
53_cpp,Human3,95,95,80
53_java,Human1,95,95,80
53_java,Human2,90,100,60
53_java,Human3,95,95,80
53_py,Human1,95,95,80
53_py,Human2,90,100,60
53_py,Human3,95,95,80
54_cpp,Human1,80,90,75
54_cpp,Human2,90,95,100
54_cpp,Human3,80,90,80
54_java,Human1,80,90,75
54_java,Human2,90,95,100
54_java,Human3,80,90,80
54_py,Human1,80,90,75
54_py,Human2,90,95,100
54_py,Human3,80,90,80
55_cpp,Human1,100,100,70
55_cpp,Human2,100,95,65
55_cpp,Human3,100,100,65
55_java,Human1,90,100,70
55_java,Human2,100,95,65
55_java,Human3,90,100,65
55_py,Human1,100,100,70
55_py,Human2,100,95,60
55_py,Human3,100,100,65
56_cpp,Human1,95,95,90
56_cpp,Human2,100,95,95
56_cpp,Human3,95,95,95
56_java,Human1,95,95,90
56_java,Human2,100,95,95
56_java,Human3,95,95,95
56_py,Human1,95,95,90
56_py,Human2,100,95,90
56_py,Human3,95,95,95
57_cpp,Human1,95,95,85
57_cpp,Human2,80,100,80
57_cpp,Human3,95,95,85
57_java,Human1,95,95,85
57_java,Human2,80,100,80
57_java,Human3,95,95,85
57_py,Human1,95,95,85
57_py,Human2,80,100,80
57_py,Human3,95,95,85
58_cpp,Human1,95,95,90
58_cpp,Human2,80,100,95
58_cpp,Human3,95,95,95
58_java,Human1,95,95,90
58_java,Human2,80,100,95
58_java,Human3,95,95,95
58_py,Human1,95,95,90
58_py,Human2,80,100,95
58_py,Human3,95,95,95
59_cpp,Human1,90,90,50
59_cpp,Human2,90,100,90
59_cpp,Human3,95,95,60
59_java,Human1,90,90,50
59_java,Human2,90,100,90
59_java,Human3,95,95,60
59_py,Human1,90,90,50
59_py,Human2,90,100,90
59_py,Human3,95,95,60
60_cpp,Human1,90,90,85
60_cpp,Human2,90,100,95
60_cpp,Human3,90,90,90
60_java,Human1,90,90,85
60_java,Human2,90,100,95
60_java,Human3,90,90,90
60_py,Human1,90,90,85
60_py,Human2,90,100,95
60_py,Human3,90,90,90
61_cpp,Human1,100,100,95
61_cpp,Human2,95,90,75
61_cpp,Human3,100,100,90
61_java,Human1,100,100,95
61_java,Human2,95,90,75
61_java,Human3,100,100,90
61_py,Human1,100,100,95
61_py,Human2,95,90,75
61_py,Human3,100,100,90
62_py,Human1,100,100,95
62_py,Human2,90,100,100
62_py,Human3,100,100,95
62_cpp,Human1,100,100,95
62_cpp,Human2,90,100,100
62_cpp,Human3,100,100,95
62_java,Human1,100,100,95
62_java,Human2,90,100,100
62_java,Human3,100,100,95
63_py,Human1,100,95,95
63_py,Human2,90,100,95
63_py,Human3,95,95,95
63_cpp,Human1,100,95,95
63_cpp,Human2,90,100,95
63_cpp,Human3,95,95,95
63_java,Human1,100,95,95
63_java,Human2,90,100,95
63_java,Human3,95,95,95
64_py,Human1,100,100,99
64_py,Human2,95,100,100
64_py,Human3,100,100,100
64_cpp,Human1,100,100,99
64_cpp,Human2,95,100,100
64_cpp,Human3,100,100,100
64_java,Human1,100,100,99
64_java,Human2,95,100,100
64_java,Human3,100,100,100
65_py,Human1,95,95,95
65_py,Human2,95,100,95
65_py,Human3,95,95,95
65_cpp,Human1,95,95,95
65_cpp,Human2,95,100,95
65_cpp,Human3,95,95,95
65_java,Human1,95,95,95
65_java,Human2,95,100,95
65_java,Human3,95,95,95
66_py,Human1,70,50,30
66_py,Human2,90,95,85
66_py,Human3,80,80,40
66_cpp,Human1,70,50,30
66_cpp,Human2,90,95,85
66_cpp,Human3,80,80,40
66_java,Human1,70,50,30
66_java,Human2,90,95,85
66_java,Human3,80,80,40
67_py,Human1,60,50,20
67_py,Human2,80,90,80
67_py,Human3,60,60,20
67_cpp,Human1,60,50,20
67_cpp,Human2,80,90,80
67_cpp,Human3,60,60,20
67_java,Human1,60,50,20
67_java,Human2,80,90,80
67_java,Human3,60,60,20
68_py,Human1,90,95,85
68_py,Human2,90,100,90
68_py,Human3,90,95,85
68_cpp,Human1,90,95,85
68_cpp,Human2,90,100,90
68_cpp,Human3,90,95,85
68_java,Human1,90,95,85
68_java,Human2,90,100,90
68_java,Human3,90,95,85
69_py,Human1,85,90,50
69_py,Human2,95,100,85
69_py,Human3,90,90,40
69_cpp,Human1,85,90,50
69_cpp,Human2,95,100,50
69_cpp,Human3,90,90,50
69_java,Human1,85,90,50
69_java,Human2,95,100,50
69_java,Human3,90,90,50
70_py,Human1,80,80,50
70_py,Human2,85,90,90
70_py,Human3,80,80,60
70_cpp,Human1,80,80,50
70_cpp,Human2,80,80,90
70_cpp,Human3,80,85,60
70_java,Human1,85,85,80
70_java,Human2,85,90,90
70_java,Human3,85,85,85
71_py,Human1,90,85,85
71_py,Human2,75,70,70
71_py,Human3,75,75,70
71_cpp,Human1,85,85,80
71_cpp,Human2,70,70,70
71_cpp,Human3,75,75,70
71_java,Human1,85,85,80
71_java,Human2,70,70,70
71_java,Human3,75,75,70
72_py,Human1,90,80,80
72_py,Human2,90,90,95
72_py,Human3,90,90,90
72_cpp,Human1,90,80,80
72_cpp,Human2,85,80,80
72_cpp,Human3,85,85,80
72_java,Human1,90,80,80
72_java,Human2,85,90,90
72_java,Human3,85,85,80
73_py,Human1,90,80,80
73_py,Human2,90,90,85
73_py,Human3,90,90,80
73_cpp,Human1,90,80,80
73_cpp,Human2,80,80,80
73_cpp,Human3,85,80,80
73_java,Human1,90,80,80
73_java,Human2,80,80,80
73_java,Human3,85,80,80
74_py,Human1,85,75,70
74_py,Human2,80,80,80
74_py,Human3,80,75,75
74_cpp,Human1,85,75,70
74_cpp,Human2,80,80,80
74_cpp,Human3,80,75,75
74_java,Human1,85,75,70
74_java,Human2,80,80,80
74_java,Human3,80,75,75
75_py,Human1,80,70,50
75_py,Human2,80,90,80
75_py,Human3,80,75,40
75_cpp,Human1,80,70,50
75_cpp,Human2,75,85,75
75_cpp,Human3,80,75,40
75_java,Human1,80,70,50
75_java,Human2,80,85,80
75_java,Human3,80,75,40
76_py,Human1,75,60,50
76_py,Human2,80,80,60
76_py,Human3,70,70,50
76_cpp,Human1,75,60,50
76_cpp,Human2,70,70,60
76_cpp,Human3,70,70,60
76_java,Human1,75,60,50
76_java,Human2,70,70,60
76_java,Human3,70,70,60
77_py,Human1,70,75,30
77_py,Human2,80,80,90
77_py,Human3,80,80,40
77_cpp,Human1,70,75,30
77_cpp,Human2,70,70,90
77_cpp,Human3,70,70,40
77_java,Human1,70,75,30
77_java,Human2,70,70,90
77_java,Human3,70,70,40
78_py,Human1,95,95,95
78_py,Human2,95,100,100
78_py,Human3,95,100,100
78_cpp,Human1,95,95,95
78_cpp,Human2,95,100,100
78_cpp,Human3,95,100,100
78_java,Human1,95,95,95
78_java,Human2,95,100,100
78_java,Human3,95,100,100
79_py,Human1,90,85,80
79_py,Human2,95,100,90
79_py,Human3,95,95,90
79_cpp,Human1,90,85,80
79_cpp,Human2,95,100,60
79_cpp,Human3,95,100,60
79_java,Human1,90,85,80
79_java,Human2,95,100,60
79_java,Human3,95,100,60
80_py,Human1,95,85,75
80_py,Human2,95,100,90
80_py,Human3,95,95,80
80_cpp,Human1,95,85,75
80_cpp,Human2,95,100,90
80_cpp,Human3,95,95,80
80_java,Human1,95,85,75
80_java,Human2,95,100,90
80_java,Human3,95,95,80
81_py,Human1,90,90,80
81_py,Human2,80,100,60
81_py,Human3,85,95,75
81_cpp,Human1,90,90,80
81_cpp,Human2,80,90,50
81_cpp,Human3,85,90,75
81_java,Human1,90,90,80
81_java,Human2,80,90,50
81_java,Human3,85,90,75
82_py,Human1,90,85,50
82_py,Human2,100,80,75
82_py,Human3,90,85,75
82_cpp,Human1,90,85,50
82_cpp,Human2,85,70,75
82_cpp,Human3,85,70,75
82_java,Human1,90,85,50
82_java,Human2,90,80,75
82_java,Human3,90,80,75
83_py,Human1,80,85,80
83_py,Human2,90,80,60
83_py,Human3,80,80,75
83_cpp,Human1,80,85,80
83_cpp,Human2,90,80,60
83_cpp,Human3,80,80,75
83_java,Human1,80,85,80
83_java,Human2,90,80,60
83_java,Human3,80,80,75
84_py,Human1,85,85,85
84_py,Human2,85,100,90
84_py,Human3,80,80,80
84_cpp,Human1,85,85,85
84_cpp,Human2,80,85,90
84_cpp,Human3,80,80,80
84_java,Human1,85,85,85
84_java,Human2,80,90,90
84_java,Human3,80,80,80
85_py,Human1,70,60,50
85_py,Human2,80,80,40
85_py,Human3,70,70,40
85_cpp,Human1,70,60,50
85_cpp,Human2,80,80,40
85_cpp,Human3,70,70,40
85_java,Human1,70,60,50
85_java,Human2,80,80,40
85_java,Human3,70,70,40
86_py,Human1,90,90,85
86_py,Human2,80,100,80
86_py,Human3,90,90,90
86_cpp,Human1,90,90,85
86_cpp,Human2,80,80,80
86_cpp,Human3,90,90,90
86_java,Human1,90,90,85
86_java,Human2,80,80,80
86_java,Human3,90,90,90
87_py,Human1,100,100,90
87_py,Human2,80,100,90
87_py,Human3,100,100,100
87_cpp,Human1,100,100,90
87_cpp,Human2,80,90,60
87_cpp,Human3,100,100,100
87_java,Human1,100,100,90
87_java,Human2,80,90,90
87_java,Human3,100,100,100
88_py,Human1,95,95,95
88_py,Human2,80,80,80
88_py,Human3,80,80,70
88_cpp,Human1,95,95,95
88_cpp,Human2,80,80,60
88_cpp,Human3,80,80,70
88_java,Human1,95,95,95
88_java,Human2,80,80,85
88_java,Human3,80,80,70
89_py,Human1,90,90,85
89_py,Human2,80,80,80
89_py,Human3,80,80,70
89_cpp,Human1,90,90,85
89_cpp,Human2,80,80,60
89_cpp,Human3,80,80,70
89_java,Human1,90,90,85
89_java,Human2,80,80,85
89_java,Human3,80,80,70
90_py,Human1,80,90,85
90_py,Human2,80,85,75
90_py,Human3,75,75,70
90_cpp,Human1,80,90,85
90_cpp,Human2,80,85,75
90_cpp,Human3,75,75,70
90_java,Human1,80,90,85
90_java,Human2,80,85,75
90_java,Human3,75,75,70
91_py,Human1,90,95,85
91_py,Human2,80,100,80
91_py,Human3,90,90,90
91_cpp,Human1,90,95,85
91_cpp,Human2,80,100,60
91_cpp,Human3,90,90,90
91_java,Human1,90,95,85
91_java,Human2,80,100,90
91_java,Human3,90,90,90
92_py,Human1,90,85,75
92_py,Human2,80,80,80
92_py,Human3,80,80,70
92_cpp,Human1,90,85,75
92_cpp,Human2,80,80,80
92_cpp,Human3,80,80,70
92_java,Human1,90,85,75
92_java,Human2,80,80,80
92_java,Human3,80,80,70
93_py,Human1,80,75,40
93_py,Human2,80,75,80
93_py,Human3,80,80,50
93_cpp,Human1,80,75,40
93_cpp,Human2,75,75,80
93_cpp,Human3,75,75,40
93_java,Human1,80,75,40
93_java,Human2,75,75,80
93_java,Human3,75,80,40
94_py,Human1,80,85,70
94_py,Human2,80,80,70
94_py,Human3,80,80,70
94_cpp,Human1,80,85,70
94_cpp,Human2,80,80,70
94_cpp,Human3,80,80,70
94_java,Human1,80,85,70
94_java,Human2,80,80,70
94_java,Human3,80,80,70
95_py,Human1,75,70,50
95_py,Human2,80,80,70
95_py,Human3,70,70,40
95_cpp,Human1,75,70,50
95_cpp,Human2,80,70,70
95_cpp,Human3,70,70,40
95_java,Human1,75,70,50
95_java,Human2,80,70,70
95_java,Human3,70,70,40
96_py,Human1,90,85,80
96_py,Human2,90,75,60
96_py,Human3,70,70,40
96_cpp,Human1,90,85,80
96_cpp,Human2,90,75,60
96_cpp,Human3,70,70,40
96_java,Human1,90,85,80
96_java,Human2,90,75,60
96_java,Human3,70,70,40
97_py,Human1,80,50,50
97_py,Human2,80,75,70
97_py,Human3,80,80,70
97_cpp,Human1,80,50,50
97_cpp,Human2,80,70,70
97_cpp,Human3,80,80,70
97_java,Human1,80,50,50
97_java,Human2,80,70,70
97_java,Human3,80,80,70
98_py,Human1,80,80,70
98_py,Human2,90,90,80
98_py,Human3,80,80,80
98_cpp,Human1,80,80,70
98_cpp,Human2,90,85,80
98_cpp,Human3,80,80,80
98_java,Human1,80,80,70
98_java,Human2,90,85,80
98_java,Human3,80,80,80
99_py,Human1,50,50,30
99_py,Human2,70,70,70
99_py,Human3,40,40,40
99_cpp,Human1,50,50,30
99_cpp,Human2,65,60,70
99_cpp,Human3,40,40,40
99_java,Human1,50,50,30
99_java,Human2,70,60,70
99_java,Human3,40,40,40
100_py,Human1,50,50,30
100_py,Human2,70,70,50
100_py,Human3,40,40,40
100_cpp,Human1,50,50,30
100_cpp,Human2,65,60,50
100_cpp,Human3,40,40,40
100_java,Human1,50,50,30
100_java,Human2,70,60,50
100_java,Human3,40,40,40
